University,URL,Classification
Harvard University,https://registrar.fas.harvard.edu/calendar,Academic Calendar
Stanford University,https://registrar.stanford.edu/students/academic-calendar,Academic Calendar
Massachusetts Institute of Technology (MIT),https://registrar.mit.edu/calendar,Academic Calendar
California Institute of Technology (Caltech),https://registrar.caltech.edu/academic-calendar,Academic Calendar
University of Chicago,https://registrar.uchicago.edu/calendar/,Academic Calendar
Princeton University,https://registrar.princeton.edu/academic-calendar,Academic Calendar
Yale University,https://registrar.yale.edu/,Academic Calendar
Columbia University,https://registrar.columbia.edu/event/academic-calendar,Academic Calendar
University of Pennsylvania,https://almanac.upenn.edu/penn-academic-calendar,Academic Calendar
"University of California, Berkeley",https://registrar.berkeley.edu/academic-calendars,Academic Calendar
"University of California, Los Angeles (UCLA)",https://registrar.ucla.edu/calendars/academic-calendars,Academic Calendar
Johns Hopkins University,https://e-catalogue.jhu.edu/university-wide-policies-information/academic-calendar/,Academic Calendar
Northwestern University,https://www.northwestern.edu/academic-calendar/,Academic Calendar
University of Michigan,https://ro.umich.edu/calendars,Academic Calendar
Duke University,https://registrar.duke.edu/academic-calendar,Academic Calendar
Cornell University,https://registrar.cornell.edu/academic-calendar,Academic Calendar
University of Southern California (USC),https://academics.usc.edu/calendar/,Academic Calendar
University of Washington,https://www.washington.edu/students/reg/calendar.html,Academic Calendar
University of Texas at Austin,https://registrar.utexas.edu/calendars,Academic Calendar
University of Illinois at Urbana-Champaign,https://registrar.illinois.edu/academic-calendars,Academic Calendar
University of Wisconsin-Madison,https://registrar.wisc.edu/academic-calendar/,Academic Calendar
University of North Carolina at Chapel Hill,https://registrar.unc.edu/academic-calendar/,Academic Calendar
New York University (NYU),https://www.nyu.edu/academics/academic-calendar.html,Academic Calendar
University of Virginia,https://registrar.virginia.edu/academic-calendars,Academic Calendar
Pennsylvania State University,https://www.registrar.psu.edu/academic-calendars,Academic Calendar
University of Florida,https://catalog.ufl.edu/UGRD/dates-deadlines/,Academic Calendar
Ohio State University,https://registrar.osu.edu/staff/bigcal.asp,Academic Calendar
Purdue University,https://www.purdue.edu/registrar/calendars/academic-calendars.html,Academic Calendar
University of Minnesota,https://onestop.umn.edu/dates-and-deadlines/academic-calendar,Academic Calendar
Michigan State University,https://reg.msu.edu/ROInfo/Calendar/Academic.aspx,Academic Calendar
"University of California, San Diego (UCSD)",https://blink.ucsd.edu/instructors/resources/academic-calendar/index.html,Academic Calendar
Indiana University Bloomington,https://calendar.iu.edu/,Academic Calendar
University of Arizona,https://www.registrar.arizona.edu/dates-deadlines/academic-calendar,Academic Calendar
University of Pittsburgh,https://catalog.upp.pitt.edu/content.php?catoid=213&navoid=20303,Academic Calendar
University of Iowa,https://registrar.uiowa.edu/academic-calendar,Academic Calendar
Texas A&M University,"https://registrar.tamu.edu/Catalogs,-Policies-Procedures/Academic-Calendar",Academic Calendar
University of Missouri,https://registrar.missouri.edu/academic-calendar/,Academic Calendar
University of Alabama,https://registrar.ua.edu/academic-calendar/,Academic Calendar
University of Kansas,https://registrar.ku.edu/academic-calendar,Academic Calendar
University of South Carolina,https://www.sc.edu/about/offices_and_divisions/registrar/academic_calendars/,Academic Calendar
University of Oklahoma,https://www.ou.edu/registrar/academic-calendars,Academic Calendar
Auburn University,https://www.auburn.edu/administration/registrar/calendar/,Academic Calendar
University of Kentucky,https://www.uky.edu/registrar/calendar,Academic Calendar
Clemson University,https://www.clemson.edu/registrar/academic-calendars/,Academic Calendar
Louisiana State University,https://www.lsu.edu/registrar/academics/academic-calendar.php,Academic Calendar
University of Tennessee,https://registrar.utk.edu/academic-calendar/,Academic Calendar
University of Nebraska-Lincoln,https://registrar.unl.edu/academic-calendar/,Academic Calendar
University of Arkansas,https://registrar.uark.edu/academic-dates/academic-calendar.php,Academic Calendar
University of Utah,https://registrar.utah.edu/academic-calendars/,Academic Calendar
University of Mississippi,https://registrar.olemiss.edu/academic-calendar/,Academic Calendar
"University of Nevada, Reno",https://www.unr.edu/academic-central/calendar,Academic Calendar
University of New Mexico,https://registrar.unm.edu/academic-calendar/,Academic Calendar
University of Connecticut,https://registrar.uconn.edu/academic-calendar/,Academic Calendar
University of Delaware,https://www.udel.edu/academics/calendar/,Academic Calendar
University of Hawaii at Manoa,https://manoa.hawaii.edu/registrar/academic-calendar/,Academic Calendar
University of Idaho,https://www.uidaho.edu/registrar/academic-calendar,Academic Calendar
University of Maine,https://umaine.edu/registrar/academic-calendar/,Academic Calendar
University of Montana,https://www.umt.edu/registrar/academic-calendar.php,Academic Calendar
University of New Hampshire,https://www.unh.edu/main/academic-calendar,Academic Calendar
University of North Dakota,https://und.edu/academics/academic-calendar.html,Academic Calendar
University of Rhode Island,https://web.uri.edu/enrollment/academic-calendar/,Academic Calendar
University of Vermont,https://www.uvm.edu/registrar/academic_calendar,Academic Calendar
University of Wyoming,https://www.uwyo.edu/registrar/important-dates/academic-calendar.html,Academic Calendar
University of Alaska Fairbanks,https://www.uaf.edu/catalog/current/calendar.php,Academic Calendar
University of Central Florida,https://calendar.ucf.edu/academic/,Academic Calendar
University of South Florida,https://www.usf.edu/registrar/calendars/index.aspx,Academic Calendar
Florida State University,https://registrar.fsu.edu/registration_guide/calendar/,Academic Calendar
Florida International University,https://onestop.fiu.edu/classes/academic-calendar/,Academic Calendar
University of Miami,https://registrar.miami.edu/calendars/academic-calendars/index.html,Academic Calendar
Georgia Institute of Technology,https://registrar.gatech.edu/calendar,Academic Calendar
University of Georgia,https://reg.uga.edu/general-information/calendars/,Academic Calendar
Emory University,https://registrar.emory.edu/academic-calendars/,Academic Calendar
University of Kentucky,https://www.uky.edu/registrar/content/academic-calendar,Academic Calendar
Vanderbilt University,https://registrar.vanderbilt.edu/calendar,Academic Calendar
Rice University,https://registrar.rice.edu/calendars,Academic Calendar
University of Houston,https://www.uh.edu/academics/catalog/academic-calendar/,Academic Calendar
Baylor University,https://www.baylor.edu/registrar/index.php?id=867120,Academic Calendar
Southern Methodist University,https://www.smu.edu/EnrollmentServices/Registrar/AcademicCalendars,Academic Calendar
Texas Tech University,https://www.depts.ttu.edu/officialpublications/calendar/,Academic Calendar
University of North Texas,https://registrar.unt.edu/academic-calendar,Academic Calendar
Tulane University,https://registrar.tulane.edu/academic-calendar,Academic Calendar
University of Colorado Boulder,https://www.colorado.edu/registrar/academic-calendar,Academic Calendar
Colorado State University,https://registrar.colostate.edu/academic-calendar/,Academic Calendar
University of Denver,https://,Academic Calendar
University of Oxford,https://www.ox.ac.uk/students/academic/calendar,Academic Calendar
Stanford University,https://registrar.stanford.edu/students/academic-calendar,Academic Calendar
Massachusetts Institute of Technology (MIT),https://registrar.mit.edu/calendar,Academic Calendar
Harvard University,https://registrar.fas.harvard.edu/calendar,Academic Calendar
University of Cambridge,https://www.cam.ac.uk/about-the-university/term-dates-and-calendars,Academic Calendar
California Institute of Technology (Caltech),https://registrar.caltech.edu/academic-calendar,Academic Calendar
Imperial College London,https://www.imperial.ac.uk/admin-services/registry/termdates,Academic Calendar
University College London (UCL),https://www.ucl.ac.uk/students/term-dates,Academic Calendar
University of Chicago,https://registrar.uchicago.edu/calendar/,Academic Calendar
National University of Singapore (NUS),https://www.nus.edu.sg/registrar/info/calendars/,Academic Calendar
ETH Zurich,https://ethz.ch/en/studies/important-dates.html,Academic Calendar
Peking University,http://english.pku.edu.cn/About/Calendar.htm,Academic Calendar
University of Pennsylvania,https://almanac.upenn.edu/penn-academic-calendar,Academic Calendar
Tsinghua University,https://www.tsinghua.edu.cn/en/Education.htm,Academic Calendar
"University of California, Berkeley",https://registrar.berkeley.edu/academic-calendars,Academic Calendar
Columbia University,https://registrar.columbia.edu/event/academic-calendar,Academic Calendar
University of Toronto,https://www.artsci.utoronto.ca/current/academics/academic-calendar,Academic Calendar
Johns Hopkins University,https://e-catalogue.jhu.edu/university-wide-policies-information/academic-calendar/,Academic Calendar
University of Tokyo,https://www.u-tokyo.ac.jp/en/prospective-students/calendars.html,Academic Calendar
University of Michigan,https://ro.umich.edu/calendars,Academic Calendar
Northwestern University,https://www.northwestern.edu/academic-calendar/,Academic Calendar
University of Edinburgh,https://www.ed.ac.uk/semester-dates,Academic Calendar
University of Hong Kong,https://www.als.hku.hk/admission/local/calendar,Academic Calendar
Duke University,https://registrar.duke.edu/academic-calendar,Academic Calendar
University of Melbourne,https://www.unimelb.edu.au/dates,Academic Calendar
University of British Columbia,https://students.ubc.ca/enrolment/registration/dates-deadlines,Academic Calendar
"University of California, Los Angeles (UCLA)",https://registrar.ucla.edu/calendars/academic-calendars,Academic Calendar
New York University (NYU),https://www.nyu.edu/academics/academic-calendar.html,Academic Calendar
University of Sydney,https://www.sydney.edu.au/students/dates,Academic Calendar
University of Manchester,https://www.manchester.ac.uk/study/experience/student-life/term-dates,Academic Calendar
London School of Economics and Political Science (LSE),https://info.lse.ac.uk/current-students/term-dates,Academic Calendar
University of Queensland,https://my.uq.edu.au/academic-calendar,Academic Calendar
"University of California, San Diego (UCSD)",https://blink.ucsd.edu/instructors/resources/academic-calendar/index.html,Academic Calendar
University of Illinois at Urbana-Champaign,https://registrar.illinois.edu/academic-calendars,Academic Calendar
University of Washington,https://www.washington.edu/students/reg/calendar.html,Academic Calendar
University of Wisconsin-Madison,https://registrar.wisc.edu/academic-calendar/,Academic Calendar
University of North Carolina at Chapel Hill,https://registrar.unc.edu/academic-calendar/,Academic Calendar
Seoul National University,https://en.snu.ac.kr/academic-calendar,Academic Calendar
University of Texas at Austin,https://registrar.utexas.edu/calendars,Academic Calendar
University of Warwick,https://warwick.ac.uk/study/termdates,Academic Calendar
University of Zurich,https://www.uzh.ch/cmsssl/en/studies/dates.html,Academic Calendar
KU Leuven,https://www.kuleuven.be/english/education/calendar,Academic Calendar
University of Amsterdam,https://www.uva.nl/en/education/practical-information/academic-calendar/academic-calendar.html,Academic Calendar
Monash University,https://www.monash.edu/students/dates-and-timetables,Academic Calendar
University of Copenhagen,https://introduction.ku.dk/academic-calendar/,Academic Calendar
University of Helsinki,https://www.helsinki.fi/en/admissions-and-education/how-to-apply/academic-calendar,Academic Calendar
University of Birmingham,https://www.birmingham.ac.uk/study/termdates,Academic Calendar
"University of California, Davis",https://registrar.ucdavis.edu/calendar/academic,Academic Calendar
University of Minnesota,https://onestop.umn.edu/dates-and-deadlines/academic-calendar,Academic Calendar
Erasmus University Rotterdam,https://www.eur.nl/en/about-eur/academic-calendar,Academic Calendar
University of Oslo,https://www.uio.no/english/studies/academic-calendar/,Academic Calendar
McGill University,https://www.mcgill.ca/importantdates,Academic Calendar
King's College London,https://www.kcl.ac.uk/study/term-dates,Academic Calendar
University of Geneva,https://www.unige.ch/dife/en/news/calendar/,Academic Calendar
University of Glasgow,https://www.gla.ac.uk/myglasgow/senateoffice/sessiondates/,Academic Calendar
Australian National University,https://www.anu.edu.au/students/program-administration/program-management/academic-calendar,Academic Calendar
Nanyang Technological University,https://www.ntu.edu.sg/admissions/academic-calendar,Academic Calendar
University of Melbourne,https://www.unimelb.edu.au/dates,Academic Calendar
University of Sydney,https://www.sydney.edu.au/students/dates,Academic Calendar
University of Adelaide,https://www.adelaide.edu.au/student/dates,Academic Calendar
University of Western Australia,https://www.uwa.edu.au/students/Academic-Dates,Academic Calendar
Utrecht University,https://www.uu.nl/en/education/practical-information/academic-calendar,Academic Calendar
University of Auckland,https://www.auckland.ac.nz/en/study/student-support/academic-information/key-university-dates.html,Academic Calendar
University of Bern,https://www.unibe.ch/studies/study_programmes/academic_calendar/index_eng.html,Academic Calendar
Lund University,https://www.lu.se/lubas/academic-calendar,Academic Calendar
University of Basel,https://www.unibas.ch/en/Studies/Deadlines-semester-dates/Academic-Calendar.html,Academic Calendar
University of Hong Kong,https://www.als.hku.hk/admission/local/calendar,Academic Calendar
University of Freiburg,https://www.studium.uni-freiburg.de/en/student-services/key-dates,Academic Calendar
University of Göttingen,https://www.uni-goettingen.de/en/51474.html,Academic Calendar
University of Vienna,https://studieren.univie.ac.at/en/study-organisation/academic-calendar/,Academic Calendar
University of Lausanne,https://www.unil.ch/central/en/home/menuinst/etudier/calendrier-academique.html,Academic Calendar
University of São Paulo,https://www5.usp.br/ensino/calendario-escolar/,Academic Calendar
University of Buenos Aires,http://www.uba.ar/academicos/calendario,Academic Calendar
University of Cape Town,https://www.uct.ac.za/main/exams-and-timetables/academic-calendar,Academic Calendar
University of Witwatersrand,https://www.wits.ac.za/students/academic-calendar/,Academic Calendar
University of Nairobi,https://academics.uonbi.ac.ke/academic-calendar,Academic Calendar
Cairo University,https://cu.edu.eg/Home/Academic_Calendar,Academic Calendar
University of Ghana,https://www.ug.edu.gh/announcements/academic-calendar,Academic Calendar
Makerere University,https://www.mak.ac.ug/academic-calender,Academic Calendar
University of Dar es Salaam,https://,Academic Calendar
University of Melbourne,https://about.unimelb.edu.au/academic-calendar,Academic Calendar
University of Sydney,https://sydney.edu.au/students/important-dates.html,Academic Calendar
Australian National University (ANU),https://www.anu.edu.au/students/program-administration/important-dates,Academic Calendar
University of Amsterdam,https://www.uva.nl/en/education/academic-year/academic-calendar/academic-calendar.html,Academic Calendar
Delft University of Technology,https://www.tudelft.nl/en/education/registrar/academic-calendar/,Academic Calendar
Eindhoven University of Technology,https://www.tue.nl/en/education/academic-calendar/,Academic Calendar
Lund University,https://www.lu.se/article/academic-calendar,Academic Calendar
Uppsala University,https://www.uu.se/en/admissions/academic-calendar/,Academic Calendar
Stockholm University,https://www.su.se/english/education/academic-calendar,Academic Calendar
Sorbonne University,https://www.sorbonne-universite.fr/en/academic-calendar,Academic Calendar
Université Paris-Saclay,https://www.universite-paris-saclay.fr/en/academic-calendar,Academic Calendar
Sciences Po,https://www.sciencespo.fr/en/academic-calendar.html,Academic Calendar
University of Copenhagen,https://www.ku.dk/english/about-the-university/academic-calendar/,Academic Calendar
Aarhus University,https://www.au.dk/en/studies/important-dates/,Academic Calendar
Technical University of Denmark (DTU),https://www.dtu.dk/english/education/important-dates,Academic Calendar
University of Toronto,https://www.artsci.utoronto.ca/current/academic-calendar,Academic Calendar
University of British Columbia (UBC),https://www.calendar.ubc.ca/,Academic Calendar
McGill University,https://www.mcgill.ca/study/2023-2024/faculties/,Academic Calendar
LMU Munich,https://www.en.uni-muenchen.de/students/organization/academic_calendar/index.html,Academic Calendar
Heidelberg University,https://www.uni-heidelberg.de/en/study/organization/academic-calendar,Academic Calendar
University of Freiburg,https://www.uni-freiburg.de/en/studies/calendar/,Academic Calendar
ETH Zurich,https://www.ethz.ch/en/studies/academic-calendar.html,Academic Calendar
University of Zurich,https://www.uzh.ch/en/studies/application/academic-calendar.html,Academic Calendar
University of Geneva,https://www.unige.ch/en/academics/academic-calendar/,Academic Calendar
University of Vienna,https://www.univie.ac.at/en/studies/academic-calendar/,Academic Calendar
University of Copenhagen,https://www.ku.dk/english/education/academic-calendar/,Academic Calendar
University of Helsinki,https://www.helsinki.fi/en/study-at-hel/academic-calendar,Academic Calendar
University of Oslo,https://www.uio.no/english/studies/programmes/academic-calendar/,Academic Calendar
University of Stockholm,https://www.su.se/english/education/academic-calendar,Academic Calendar
University of Gothenburg,https://www.gu.se/en/education/academic-calendar,Academic Calendar
University of Uppsala,https://www.uu.se/en/admissions/academic-calendar/,Academic Calendar
University of Lund,https://www.lu.se/lubas/i-uoh-lu-aktuellt,Academic Calendar
University of Tartu,https://www.ut.ee/en/academic-calendar,Academic Calendar
University of Vilnius,https://www.vu.lt/en/academic-calendar,Academic Calendar
University of Porto,https://www.up.pt/en/academic-calendar/,Academic Calendar
University of Coimbra,https://www.uc.pt/en/academic-calendar,Academic Calendar
University of Salamanca,https://www.usal.es/en/academic-calendar,Academic Calendar
University of Santiago de Compostela,https://www.usc.es/en/academic-calendar.html,Academic Calendar
University of Granada,https://www.ugr.es/en/academic-calendar,Academic Calendar
University of Almería,https://www.ual.es/internacional/academic-calendar,Academic Calendar
University of Murcia,https://www.um.es/web/academic-calendar,Academic Calendar
University of Barcelona,https://www.ub.edu/web/ub/en/estudis/estudiants/calendari_academic.html,Academic Calendar
University of Toulouse,https://www.univ-toulouse.fr/en/academic-calendar,Academic Calendar
University of Strasbourg,https://www.unistra.fr/en/academic-calendar/,Academic Calendar
University of Lyon,https://www.univ-lyon1.fr/en/academic-calendar/,Academic Calendar
University of Paris 1 Panthéon-Sorbonne,https://www.pantheonsorbonne.fr/en/studies/academic-calendar/,Academic Calendar
University of Paris 2 Panthéon-Assas,https://www.u-paris2.fr/en/academic-calendar,Academic Calendar
University of Paris 12 Val de Marne,https://www.u-pec.fr/en/academic-calendar.html,Academic Calendar
University of Paris 13,https://www.univ-paris13.fr/en/academic-calendar/,Academic Calendar
University of Aix-Marseille,https://www.univ-amu.fr/en/academic-calendar,Academic Calendar
University of Rennes 1,https://www.univ-rennes1.fr/en/academic-calendar,Academic Calendar
University of Nantes,https://www.univ-nantes.fr/academic-calendar,Academic Calendar
University of Lyon 2,https://www.univ-lyon2.fr/en/academic-calendar,Academic Calendar
University of Lille,https://www.univ-lille.fr/en/academic-calendar,Academic Calendar
University of Reims Champagne-Ardenne,https://www.univ-reims.fr/en/academic-calendar/,Academic Calendar
University of Angers,https://www.univ-angers.fr/en/academic-calendar,Academic Calendar
University of Clermont Auvergne,https://www.uca.fr/en/academic-calendar,Academic Calendar
University of Grenoble Alpes,https://www.univ-grenoble-alpes.fr/en/academic-calendar/,Academic Calendar
University of Lille 3,https://www.univ-lille.fr/en/academic-calendar,Academic Calendar
University of Lorient,https://www.univ-lorient.fr/en/academic-calendar,Academic Calendar
University of Western Brittany,https://www.univ-brest.fr/en/academic-calendar,Academic Calendar
University of Bern,https://www.unibe.ch/en/studies/academic_calendar/index_eng.html,Academic Calendar
University of Lausanne,https://www.unil.ch/enseignements/en/home.html,Academic Calendar
University of Geneva,https://www.unige.ch/en/studies/academic-calendar/,Academic Calendar
University of Zürich,https://www.uzh.ch/en/studies/academic-calendar.html,Academic Calendar
University of Basel,https://www.unibas.ch/en/Studies/Academic-Calendar.html,Academic Calendar
University of St. Gallen,https://www.unisg.ch/en/studies/academic-calendar/,Academic Calendar
University of St. Andrews,https://www.st-andrews.ac.uk/study/undergraduate/academic-calendar/,Academic Calendar
University of Warwick,https://warwick.ac.uk/study/international/academic-calendar/,Academic Calendar
University of Exeter,https://www.exeter.ac.uk/study/undergraduate/academiccalendar/,Academic Calendar
University of Edinburgh,https://www.ed.ac.uk/studying/undergraduate/academic-calendar,Academic Calendar
University of Glasgow,https://www.gla.ac.uk/myglasgow/academiccalendar/,Academic Calendar
University of Aberdeen,https://www.abdn.ac.uk/students/academic-calendar/,Academic Calendar
University of Sheffield,https://www.sheffield.ac.uk/undergraduate/academic-calendar,Academic Calendar
University of Bristol,https://www.bristol.ac.uk/study/undergraduate/academic-calendar/,Academic Calendar
University of Leeds,https://www.leeds.ac.uk/academic-calendar,Academic Calendar
University of Nottingham,https://www.nottingham.ac.uk/undergraduate/academic-calendar.aspx,Academic Calendar
University of Maastricht,https://www.maastrichtuniversity.nl/education/academic-calendar,Academic Calendar
University of Vienna,https://www.univie.ac.at/en/studies/academic-calendar/,Academic Calendar
University of Groningen,https://www.rug.nl/education/academic-calendar,Academic Calendar
University of Antwerp,https://www.uantwerpen.be/en/education/exchange/academic-calendar/,Academic Calendar
University of Leuven,https://www.kuleuven.be/english/education/academic-calendar,Academic Calendar
University of Ghent,https://www.ugent.be/en/education/academic-calendar,Academic Calendar
University of Liege,https://www.uliege.be/en/universite/organigramme/universite/academic-calendar.html,Academic Calendar
University of Luxembourg,https://wwwen.uni.lu/university/academic_calendar,Academic Calendar
University of Porto,https://www.up.pt/en/academic-calendar/,Academic Calendar
University of Coimbra,https://www.uc.pt/en/academic-calendar,Academic Calendar
University of Aveiro,https://www.ua.pt/en/academic-calendar,Academic Calendar
University of Porto,https://www.up.pt/en/academic-calendar/,Academic Calendar
University of Porto,https://www.up.pt/en/academic-calendar/,Academic Calendar
University of Braga,https://www.iberianresearchers.com/,Academic Calendar
University of Barcelona,https://www.ub.edu/web/ub/en/estudis/estudiants/calendari_academic.html,Academic Calendar
University of Granada,https://www.ugr.es/en/academic-calendar,Academic Calendar
University of Salamanca,https://www.usal.es/en/academic-calendar,Academic Calendar
University of Santiago de Compostela,https://www.usc.es/en/academic-calendar.html,Academic Calendar
University of Oviedo,https://www.uniovi.es/en/studies/academic-calendar,Academic Calendar
University of the Basque Country,https://www.ehu.eus/en/web/administracion-academica/calendario-academico,Academic Calendar
University of Almeria,https://www.ual.es/internacional/academic-calendar,Academic Calendar
University of Murcia,https://www.um.es/web/academic-calendar,Academic Calendar
University of Madrid Complutense,https://www.ucm.es/calendario-academico,Academic Calendar
University of the Republic of Uruguay,https://www.uruguay.edu.uy/en/academic-calendar,Academic Calendar
University of Geneva,https://www.unige.ch/en/studies/academic-calendar/,Academic Calendar
University of Bern,https://www.unibe.ch/en/studies/academic_calendar/index_eng.html,Academic Calendar
University of Zurich,https://www.uzh.ch/en/studies/academic-calendar.html,Academic Calendar
University of Basel,https://www.unibas.ch/en/Studies/Academic-Calendar.html,Academic Calendar
University of St. Gallen,https://www.unisg.ch/en/studies/academic-calendar/,Academic Calendar
University of St. Andrews,https://www.st-andrews.ac.uk/study/undergraduate/academic-calendar/,Academic Calendar
University of Warwick,https://warwick.ac.uk/study/international/academic-calendar/,Academic Calendar
University of Exeter,https://www.exeter.ac.uk/study/undergraduate/academiccalendar/,Academic Calendar
University of Edinburgh,https://www.ed.ac.uk/studying/undergraduate/academic-calendar,Academic Calendar
University of Glasgow,https://www.gla.ac.uk/myglasgow/academiccalendar/,Academic Calendar
University of Aberdeen,https://www.abdn.ac.uk/students/academic-calendar/,Academic Calendar
University of Sheffield,https://www.sheffield.ac.uk/undergraduate/academic-calendar,Academic Calendar
University of Bristol,https://www.bristol.ac.uk/study/undergraduate/academic-calendar/,Academic Calendar
University of Leeds,https://www.leeds.ac.uk/academic-calendar,Academic Calendar
University of Nottingham,https://www.nottingham.ac.uk/undergraduate/academic-calendar.aspx,Academic Calendar
University of Maastricht,https://www.maastrichtuniversity.nl/education/academic-calendar,Academic Calendar
University of Twente,https://www.utwente.nl/en/education/academic-calendar/,Academic Calendar
Vrije Universiteit Amsterdam,https://www.vu.nl/en/education/academic-calendar,Academic Calendar
University of Groningen,https://www.rug.nl/education/academic-calendar,Academic Calendar
University of Antwerp,https://www.uantwerpen.be/en/education/exchange/academic-calendar/,Academic Calendar
University of Leuven,https://www.kuleuven.be/english/education/academic-calendar,Academic Calendar
University of Ghent,https://www.ugent.be/en/education/academic-calendar,Academic Calendar
University of Liege,https://www.uliege.be/en/universite/organigramme/universite/academic-calendar.html,Academic Calendar
University of Luxembourg,https://wwwen.uni.lu/university/academic_calendar,Academic Calendar
University of Porto,https://www.up.pt/en/academic-calendar/,Academic Calendar
University of Coimbra,https://www.uc.pt/en/academic-calendar,Academic Calendar
University of Aveiro,https://www.ua.pt/en/academic-calendar,Academic Calendar
University of Oviedo,https://www.uniovi.es/en/studies/academic-calendar,Academic Calendar
University of the Basque Country,https://www.ehu.eus/en/web/administracion-academica/calendario-academico,Academic Calendar
University of Almeria,https://www.ual.es/internacional/academic-calendar,Academic Calendar
University of Murcia,https://www.um.es/web/academic-calendar,Academic Calendar
University of Aberdeen,https://www.abdn.ac.uk/students/academic-calendar/,Academic Calendar
University of Bath,https://www.bath.ac.uk/study/undergraduate/academic-calendar/,Academic Calendar
University of Brighton,https://www.brighton.ac.uk/studying-with-us/academic-calendar/index.aspx,Academic Calendar
University of Bristol,https://www.bristol.ac.uk/study/undergraduate/academic-calendar/,Academic Calendar
University of Cambridge,https://www.cam.ac.uk/study/undergraduate/term-dates,Academic Calendar
University of Cardiff,https://www.cardiff.ac.uk/study/undergraduate/academic-calendar,Academic Calendar
University of Chester,https://www1.chester.ac.uk/current-students/academic-calendar,Academic Calendar
University of Dundee,https://www.dundee.ac.uk/study/undergraduate/academic-calendar,Academic Calendar
University of East Anglia,https://www.uea.ac.uk/academic-calendar,Academic Calendar
University of Edinburgh,https://www.ed.ac.uk/studying/undergraduate/academic-calendar,Academic Calendar
University of Essex,https://www.essex.ac.uk/study/undergraduate/academic-calendar,Academic Calendar
University of Exeter,https://www.exeter.ac.uk/study/undergraduate/academiccalendar/,Academic Calendar
University of Glasgow,https://www.gla.ac.uk/myglasgow/academiccalendar/,Academic Calendar
University of Hull,https://www.hull.ac.uk/study/academic-calendar,Academic Calendar
University of Kent,https://www.kent.ac.uk/students/term-dates.html,Academic Calendar
University of Lancaster,https://www.lancaster.ac.uk/study/undergraduate/academic-calendar/,Academic Calendar
University of Leeds,https://www.leeds.ac.uk/academic-calendar,Academic Calendar
University of Leicester,https://le.ac.uk/study/undergraduate/academic-calendar,Academic Calendar
University of Lincoln,https://www.lincoln.ac.uk/home/undergraduate/academic-calendar/,Academic Calendar
University of Liverpool,https://www.liverpool.ac.uk/study/undergraduate/academic-calendar/,Academic Calendar
University of Manchester,https://www.manchester.ac.uk/undergraduate/academic-calendar/,Academic Calendar
University of Newcastle,https://www.ncl.ac.uk/study/undergraduate/academic-calendar/,Academic Calendar
University of Nottingham,https://www.nottingham.ac.uk/undergraduate/academic-calendar.aspx,Academic Calendar
University of Oxford,https://www.ox.ac.uk/students/academic/term-dates,Academic Calendar
University of Plymouth,https://www.plymouth.ac.uk/student-life/academic-calendar,Academic Calendar
University of Reading,https://www.reading.ac.uk/about/academic-calendar.aspx,Academic Calendar
University of Sheffield,https://www.sheffield.ac.uk/undergraduate/academic-calendar,Academic Calendar
University of Southampton,https://www.southampton.ac.uk/undergraduate/academic-calendar.page,Academic Calendar
University of St Andrews,https://www.st-andrews.ac.uk/study/undergraduate/academic-calendar/,Academic Calendar
University of Stirling,https://www.stir.ac.uk/student-life/academic-calendar/,Academic Calendar
University of Strathclyde,https://www.strath.ac.uk/study/undergraduate/academiccalendar/,Academic Calendar
University of Sussex,https://www.sussex.ac.uk/study/undergraduate/academic-calendar,Academic Calendar
University of Teesside,https://www.tees.ac.uk/undergraduate/academic-calendar.cfm,Academic Calendar
University of Ulster,https://www.ulster.ac.uk/registry/academiccalendar,Academic Calendar
University College London,https://www.ucl.ac.uk/students/academic-calendar,Academic Calendar
University of Westminster,https://www.westminster.ac.uk/current-students/your-studies/academic-calendar,Academic Calendar
University of York,https://www.york.ac.uk/students/studying/academic-calendar/,Academic Calendar
University of Edinburgh,https://www.ed.ac.uk/studying/undergraduate/academic-calendar,Academic Calendar
University of Aberdeen,https://www.abdn.ac.uk/students/academic-calendar/,Academic Calendar
University of Bath,https://www.bath.ac.uk/study/undergraduate/academic-calendar/,Academic Calendar
University of Brighton,https://www.brighton.ac.uk/studying-with-us/academic-calendar/index.aspx,Academic Calendar
University of Bristol,https://www.bristol.ac.uk/study/undergraduate/academic-calendar/,Academic Calendar
University of Cambridge,https://www.cam.ac.uk/study/undergraduate/term-dates,Academic Calendar
University of Cardiff,https://www.cardiff.ac.uk/study/undergraduate/academic-calendar,Academic Calendar
University of Chester,https://www1.chester.ac.uk/current-students/academic-calendar,Academic Calendar
University of Dundee,https://www.dundee.ac.uk/study/undergraduate/academic-calendar,Academic Calendar
University of East Anglia,https://www.uea.ac.uk/academic-calendar,Academic Calendar
University of Hull,https://www.hull.ac.uk/study/academic-calendar,Academic Calendar
University of Kent,https://www.kent.ac.uk/students/term-dates.html,Academic Calendar
University of Lancaster,https://www.lancaster.ac.uk/study/undergraduate/academic-calendar/,Academic Calendar
University of Leicester,https://le.ac.uk/study/undergraduate/academic-calendar,Academic Calendar
University of Melbourne,https://arts.unimelb.edu.au/subjects/erasmus-exchange,Erasmus/Exchange
University of Sydney,https://sydney.edu.au/students/international-exchange.html,Erasmus/Exchange
Australian National University (ANU),https://www.anu.edu.au/students/program-administration/exchange-and-student-mobility,Erasmus/Exchange
University of Amsterdam,https://www.uva.nl/en/education/exchange-and-visiting-students/exchange-and-visiting-students.html,Erasmus/Exchange
Delft University of Technology,https://www.tudelft.nl/en/education/international-exchange/,Erasmus/Exchange
Eindhoven University of Technology,https://www.tue.nl/en/education/international-exchange/,Erasmus/Exchange
Lund University,https://www.lu.se/lubas/i-uoh-lu-IEEX,Erasmus/Exchange
Uppsala University,https://www.uu.se/en/admissions/exchange-studies/,Erasmus/Exchange
Stockholm University,https://www.su.se/english/education/international-students/exchange-studies,Erasmus/Exchange
Sorbonne University,https://www.sorbonne-universite.fr/en/international/incoming-exchange-students,Erasmus/Exchange
Université Paris-Saclay,https://www.universite-paris-saclay.fr/en/education/international-relations,Erasmus/Exchange
Sciences Po,https://www.sciencespo.fr/en/international-exchanges.html,Erasmus/Exchange
University of Copenhagen,https://www.ku.dk/english/about-the-university/international-students/exchange/,Erasmus/Exchange
Aarhus University,https://www.au.dk/en/studies/erasmus-and-exchange/,Erasmus/Exchange
Technical University of Denmark (DTU),https://www.dtu.dk/english/education/exchange,Erasmus/Exchange
University of Toronto,https://www.artsci.utoronto.ca/future/undergraduate-studies/exchange-programs,Erasmus/Exchange
University of British Columbia (UBC),https://students.ubc.ca/international/exchange-programs,Erasmus/Exchange
McGill University,https://www.mcgill.ca/students/exchange/,Erasmus/Exchange
LMU Munich,https://www.en.uni-muenchen.de/students/organization/exchange_programs/index.html,Erasmus/Exchange
Heidelberg University,https://www.uni-heidelberg.de/en/study/international-mobility,Erasmus/Exchange
University of Freiburg,https://www.uni-freiburg.de/international/exchange/,Erasmus/Exchange
ETH Zurich,https://www.ethz.ch/en/studies/international/exchange.html,Erasmus/Exchange
University of Zurich,https://www.uzh.ch/en/studies/international.html,Erasmus/Exchange
University of Geneva,https://www.unige.ch/en/academics/mobility/,Erasmus/Exchange
University of Queensland,https://www.uq.edu.au/study/erasmus-exchange,Erasmus/Exchange
University of Western Australia,https://www.uwa.edu.au/study/exchange-and-study-abroad,Erasmus/Exchange
University of Adelaide,https://www.adelaide.edu.au/global/erasmus,Erasmus/Exchange
University of New South Wales,https://www.international.unsw.edu.au/global-exchange,Erasmus/Exchange
University of Tasmania,https://www.utas.edu.au/study/student-exchange,Erasmus/Exchange
Radboud University,https://www.ru.nl/english/education/international-exchange-programmes/,Erasmus/Exchange
Vrije Universiteit Amsterdam,https://www.vu.nl/en/programmes/international-exchange,Erasmus/Exchange
University of Groningen,https://www.rug.nl/education/exchange-programmes/,Erasmus/Exchange
Maastricht University,https://www.maastrichtuniversity.nl/education/exchange-programmes,Erasmus/Exchange
Leiden University,https://www.universiteitleiden.nl/en/education/exchange-programmes,Erasmus/Exchange
Tilburg University,https://www.tilburguniversity.edu/education/international,Erasmus/Exchange
Utrecht University,https://www.uu.nl/en/education/exchange-programmes,Erasmus/Exchange
Lund University,https://www.lu.se/lubas/i-uoh-lu-IEEX,Erasmus/Exchange
Uppsala University,https://www.uu.se/en/admissions/exchange-studies/,Erasmus/Exchange
Stockholm University,https://www.su.se/english/education/international-students/exchange-studies,Erasmus/Exchange
KTH Royal Institute of Technology,https://www.kth.se/en/studies/exchange,Erasmus/Exchange
Chalmers University of Technology,https://www.chalmers.se/en/education/programmes/exchange-programmes/,Erasmus/Exchange
Sorbonne University,https://www.sorbonne-universite.fr/en/international/incoming-exchange-students,Erasmus/Exchange
Université Paris-Saclay,https://www.universite-paris-saclay.fr/en/education/international-relations,Erasmus/Exchange
Sciences Po,https://www.sciencespo.fr/en/international-exchanges.html,Erasmus/Exchange
Université Grenoble Alpes,https://www.univ-grenoble-alpes.fr/en/international/exchanges,Erasmus/Exchange
Université de Strasbourg,https://www.unistra.fr/en/international/mobility/,Erasmus/Exchange
University of Copenhagen,https://www.ku.dk/english/about-the-university/international-students/exchange/,Erasmus/Exchange
Aarhus University,https://www.au.dk/en/studies/erasmus-and-exchange/,Erasmus/Exchange
Technical University of Denmark (DTU),https://www.dtu.dk/english/education/exchange,Erasmus/Exchange
Copenhagen Business School,https://www.cbs.dk/en/education/exchange-programmes,Erasmus/Exchange
Aalborg University,https://www.en.aau.dk/education/exchange/,Erasmus/Exchange
University of Toronto,https://www.artsci.utoronto.ca/future/undergraduate-studies/exchange-programs,Erasmus/Exchange
University of British Columbia (UBC),https://students.ubc.ca/international/exchange-programs,Erasmus/Exchange
McGill University,https://www.mcgill.ca/students/exchange/,Erasmus/Exchange
University of Alberta,https://www.ualberta.ca/international/education-abroad/exchange.html,Erasmus/Exchange
Simon Fraser University,https://www.sfu.ca/students/international/our-programs/exchange.html,Erasmus/Exchange
LMU Munich,https://www.en.uni-muenchen.de/students/organization/exchange_programs/index.html,Erasmus/Exchange
Heidelberg University,https://www.uni-heidelberg.de/en/study/international-mobility,Erasmus/Exchange
University of Freiburg,https://www.uni-freiburg.de/international/exchange/,Erasmus/Exchange
Humboldt University of Berlin,https://www.hu-berlin.de/en/studies/international-exchange,Erasmus/Exchange
University of Mannheim,https://www.uni-mannheim.de/en/exchange-programs/,Erasmus/Exchange
RWTH Aachen University,https://www.rwth-aachen.de/cms/~b/International-Exchange-Programme/,Erasmus/Exchange
University of Göttingen,https://www.uni-goettingen.de/en/3969.html,Erasmus/Exchange
University of Stuttgart,https://www.uni-stuttgart.de/en/study/international/international-exchange-programmes/,Erasmus/Exchange
ETH Zurich,https://www.ethz.ch/en/studies/international/exchange.html,Erasmus/Exchange
University of Zurich,https://www.uzh.ch/en/studies/international.html,Erasmus/Exchange
University of Geneva,https://www.unige.ch/en/academics/mobility/,Erasmus/Exchange
University of Bern,https://www.unibe.ch/en/exchange_programmes,Erasmus/Exchange
EPFL (École Polytechnique Fédérale de Lausanne),https://www.epfl.ch/en/education/student-mobility/,Erasmus/Exchange
University of Lucerne,https://www.unilu.ch/en/studies/international/exchange/,Erasmus/Exchange
University of Oxford,[https://www.ox.ac.uk/admissions/undergraduate/study-abroad](https,Erasmus/Exchange
University of Cambridge,https://www.cam.ac.uk/study/undergraduate/international-exchange,Erasmus/Exchange
University College London (UCL),https://www.ucl.ac.uk/prospective-students/international/exchange-programmes,Erasmus/Exchange
Imperial College London,https://www.imperial.ac.uk/international-office/,Erasmus/Exchange
University of Edinburgh,https://www.ed.ac.uk/global/study-abroad,Erasmus/Exchange
University of Manchester,https://www.manchester.ac.uk/undergraduate/international-students/exchange-programmes/,Erasmus/Exchange
University of Bristol,https://www.bristol.ac.uk/global/erasmus/,Erasmus/Exchange
University of Warwick,https://warwick.ac.uk/services/academicoffice/international/mobility/,Erasmus/Exchange
University of Aberdeen,https://www.abdn.ac.uk/international/exchanges/,Erasmus/Exchange
University of Birmingham,https://www.birmingham.ac.uk/international/study-abroad.aspx,Erasmus/Exchange
University of Bristol,https://www.bristol.ac.uk/global/erasmus/,Erasmus/Exchange
University of Cambridge,https://www.cam.ac.uk/study/undergraduate/international-exchange,Erasmus/Exchange
University of East Anglia,https://www.uea.ac.uk/international/exchange-and-study-abroad,Erasmus/Exchange
University of Edinburgh,https://www.ed.ac.uk/global/study-abroad,Erasmus/Exchange
University of Essex,https://www.essex.ac.uk/international/exchange,Erasmus/Exchange
University of Exeter,https://www.exeter.ac.uk/international/studyabroad/,Erasmus/Exchange
University of Glasgow,https://www.gla.ac.uk/myglasgow/international/erasmus/,Erasmus/Exchange
University of Hull,https://www.hull.ac.uk/choose-hull/international-exchange,Erasmus/Exchange
University of Kent,https://www.kent.ac.uk/international/exchange,Erasmus/Exchange
University of Leeds,https://www.leeds.ac.uk/international/exchanges,Erasmus/Exchange
University of Leicester,https://www2.le.ac.uk/offices/international/erasmus,Erasmus/Exchange
University of Lincoln,https://www.lincoln.ac.uk/home/international/exchange/,Erasmus/Exchange
University of Liverpool,https://www.liverpool.ac.uk/study/international-exchange/,Erasmus/Exchange
University of London (SOAS),https://www.soas.ac.uk/international/exchange/,Erasmus/Exchange
University of Manchester,https://www.manchester.ac.uk/undergraduate/international-students/exchange-programmes/,Erasmus/Exchange
University of Newcastle,https://www.ncl.ac.uk/international/study-abroad/,Erasmus/Exchange
University of Nottingham,https://www.nottingham.ac.uk/studyabroad/,Erasmus/Exchange
University of Oxford,https://www.ox.ac.uk/admissions/undergraduate/study-abroad,Erasmus/Exchange
University of Plymouth,https://www.plymouth.ac.uk/student-life/experience/exchange,Erasmus/Exchange
University of Reading,https://www.reading.ac.uk/international/erasmus.aspx,Erasmus/Exchange
University of Sheffield,https://www.sheffield.ac.uk/international/exchanges,Erasmus/Exchange
University of Southampton,https://www.southampton.ac.uk/international/erasmus-exchange.page,Erasmus/Exchange
University of St Andrews,https://www.st-andrews.ac.uk/study-abroad/,Erasmus/Exchange
University of Surrey,https://www.surrey.ac.uk/global-opportunities/exchange-programmes,Erasmus/Exchange
University of Sussex,https://www.sussex.ac.uk/study/international/exchanges,Erasmus/Exchange
University of Warwick,https://warwick.ac.uk/services/academicoffice/international/mobility/,Erasmus/Exchange
University of Westminster,https://www.westminster.ac.uk/international-students/exchanges-and-study-abroad,Erasmus/Exchange
University of Wolverhampton,https://www.wlv.ac.uk/international/erasmus-and-exchange/,Erasmus/Exchange
University of York,https://www.york.ac.uk/study/international/exchange/,Erasmus/Exchange
Anglia Ruskin University,https://www.anglia.ac.uk/international/international-exchanges,Erasmus/Exchange
Bournemouth University,https://www.bournemouth.ac.uk/study/international/exchange-programmes,Erasmus/Exchange
Brunel University London,https://www.brunel.ac.uk/international/international-exchanges,Erasmus/Exchange
"City, University of London",https://www.city.ac.uk/international/exchange,Erasmus/Exchange
Coventry University,https://www.coventry.ac.uk/international/exchanges/,Erasmus/Exchange
Durham University,https://www.durham.ac.uk/international/,Erasmus/Exchange
Edinburgh Napier University,https://www.napier.ac.uk/international/exchange-programmes,Erasmus/Exchange
Glasgow Caledonian University,https://www.gcu.ac.uk/international/,Erasmus/Exchange
Keele University,https://www.keele.ac.uk/international/exchanges/,Erasmus/Exchange
Liverpool John Moores University,https://www.ljmu.ac.uk/study/international/exchanges,Erasmus/Exchange
Northumbria University,https://www.northumbria.ac.uk/study-at-northumbria/international/exchange-programmes/,Erasmus/Exchange
Oxford Brookes University,https://www.brookes.ac.uk/international/exchange-programmes/,Erasmus/Exchange
Queen Mary University of London,https://www.qmul.ac.uk/international/incoming/exchanges/,Erasmus/Exchange
Sheffield Hallam University,https://www.shu.ac.uk/international/our-global-network/erasmus,Erasmus/Exchange
Teesside University,https://www.tees.ac.uk/sections/international/exchange_programmes.cfm,Erasmus/Exchange
University of the Arts London,https://www.arts.ac.uk/study-at-ual/international-students/exchange-programmes,Erasmus/Exchange
University of the West of England,https://www.uwe.ac.uk/study/international/study-abroad,Erasmus/Exchange
University of Winchester,https://www.winchester.ac.uk/study/international-exchanges/,Erasmus/Exchange
ETH Zurich,https://www.ethz.ch/en/studies/international/exchange.html,Erasmus/Exchange
University of Zurich,https://www.uzh.ch/en/studies/international.html,Erasmus/Exchange
University of Geneva,https://www.unige.ch/en/academics/mobility/,Erasmus/Exchange
University of Bern,https://www.unibe.ch/en/exchange_programmes,Erasmus/Exchange
EPFL (École Polytechnique Fédérale de Lausanne),https://www.epfl.ch/en/education/student-mobility/,Erasmus/Exchange
University of Lucerne,https://www.unilu.ch/en/studies/international/exchange/,Erasmus/Exchange
University of Basel,https://www.unibas.ch/en/International/Exchange-Studies.html,Erasmus/Exchange
University of St. Gallen,https://www.unisg.ch/en/studium/international/,Erasmus/Exchange
University of Fribourg,https://www.unifr.ch/en/exchange/,Erasmus/Exchange
University of Neuchâtel,https://www.unine.ch/isc/home/international/incoming.html,Erasmus/Exchange
Zurich University of the Arts,https://www.zhdk.ch/en/international/exchange-programmes,Erasmus/Exchange
Università della Svizzera italiana (USI),https://www.usi.ch/en/education/exchange-programs,Erasmus/Exchange
University of Lugano,https://www.usi.ch/en/education/exchange-programs,Erasmus/Exchange
Bern University of Applied Sciences,https://www.bfh.ch/en/international/,Erasmus/Exchange
Zurich University of the Arts,https://www.zhdk.ch/en/international/exchange,Erasmus/Exchange
Hochschule für Technik und Wirtschaft (HTW Chur),https://www.htwchur.ch/en/international/,Erasmus/Exchange
Hochschule Luzern,https://www.hslu.ch/en/lucerne-university/international/incoming-students/,Erasmus/Exchange
Hochschule für Angewandte Wissenschaften (FHNW),https://www.fhnw.ch/en/international,Erasmus/Exchange
Hochschule für Wirtschaft Zürich (HWZ),https://www.hwz.ch/en/international/,Erasmus/Exchange
Zurich University of Applied Sciences (ZHAW),https://www.zhaw.ch/en/department/ib/our-offices/international-office/,Erasmus/Exchange
Haute école de gestion (HEG) Genève,https://www.hesge.ch/heg/en/international/exchanges,Erasmus/Exchange
Geneva School of Economics and Management,https://www.unige.ch/gsem/en/international/,Erasmus/Exchange
Haute école de santé Vaud (HESAV),https://www.hesav.ch/en/education/exchanges/,Erasmus/Exchange
"Haute école du paysage, d'ingénierie et d'architecture (HEPIA)",https://www.hesge.ch/hepia/en/erasmus,Erasmus/Exchange
Swiss Federal Institute of Technology in Lausanne (EPFL),https://www.epfl.ch/en/education/exchanges/,Erasmus/Exchange
University of Applied Sciences Western Switzerland (HES-SO),https://www.hes-so.ch/en/international/,Erasmus/Exchange
Hochschule für Technik Rapperswil (HSR),https://www.hsr.ch/en/international/,Erasmus/Exchange
"Hochschule für Kunst, Design und Populäre Musik (HKB)",https://www.hkb.bfh.ch/en/studies/exchange-programmes/,Erasmus/Exchange
Hochschule für Wirtschaft Zürich (HWZ),https://www.hwz.ch/en/international/,Erasmus/Exchange
Haute école d'ingénierie et de gestion du canton de Vaud (HEIG-VD),https://www.heig-vd.ch/en/international-relations/,Erasmus/Exchange
Haute école de gestion de Genève (HEG),https://www.hesge.ch/heg/en/international/,Erasmus/Exchange
Hochschule für Life Sciences (HLS),https://www.hslu.ch/en/lucerne-university/international/incoming-students/,Erasmus/Exchange
University of Applied Sciences and Arts of Southern Switzerland (SUPSI),https://www.supsi.ch/home.html,Erasmus/Exchange
Zurich University of Applied Sciences (ZHAW),https://www.zhaw.ch/en/department/ib/international/,Erasmus/Exchange
Haute école d'art et de design de Genève (HEAD),https://www.head-geneve.ch/en/,Erasmus/Exchange
University of Neuchâtel,https://www.unine.ch/isc/home/international/exchange.html,Erasmus/Exchange
University of Applied Sciences and Arts of Western Switzerland (HES-SO),https://www.hes-so.ch/en/international/,Erasmus/Exchange
Hochschule für Wirtschaft Zürich (HWZ),https://www.hwz.ch/en/international/,Erasmus/Exchange
Hochschule für Technik und Wirtschaft (HTW),https://www.htwchur.ch/en/international/,Erasmus/Exchange
Zurich University of the Arts (ZHdK),https://www.zhdk.ch/en/international/exchange,Erasmus/Exchange
University of Applied Sciences and Arts Western Switzerland (HES-SO),https://www.hes-so.ch/en/international/,Erasmus/Exchange
Hochschule für Lebenswissenschaften (HLS),https://www.hslu.ch/en/lucerne-university/international/incoming-students/,Erasmus/Exchange
Ludwig Maximilian University of Munich,https://www.en.uni-muenchen.de/about_lmu/international/mobility/index.html,Erasmus/Exchange
Technical University of Munich,https://www.tum.de/en/studies/international-exchange/,Erasmus/Exchange
Heidelberg University,https://www.uni-heidelberg.de/en/study/international/erasmus,Erasmus/Exchange
University of Freiburg,https://www.studium.uni-freiburg.de/en/international-exchange,Erasmus/Exchange
University of Stuttgart,https://www.uni-stuttgart.de/en/international/incomings/,Erasmus/Exchange
Humboldt University of Berlin,https://www.hu-berlin.de/en/studies/international/mobility,Erasmus/Exchange
Free University of Berlin,https://www.fu-berlin.de/en/international/incoming/study-abroad/erasmus/index.html,Erasmus/Exchange
University of Mannheim,https://www.uni-mannheim.de/en/international/incoming-exchange-students/,Erasmus/Exchange
University of Cologne,https://www.portal.uni-koeln.de/16732.html,Erasmus/Exchange
RWTH Aachen University,https://www.rwth-aachen.de/cms/root/Studium/Internationales/Studieren-im-Ausland/~gth/ERASMUS-Programm/,Erasmus/Exchange
University of Göttingen,https://www.uni-goettingen.de/en/455938.html,Erasmus/Exchange
University of Bremen,https://www.uni-bremen.de/en/international/incoming-students.html,Erasmus/Exchange
Technical University of Darmstadt,https://www.tu-darmstadt.de/international/incoming_studies/index.en.jsp,Erasmus/Exchange
University of Potsdam,https://www.uni-potsdam.de/en/studium/international/incoming-students.html,Erasmus/Exchange
University of Augsburg,https://www.uni-augsburg.de/en/international/erasmus/,Erasmus/Exchange
University of Oldenburg,https://www.uni-oldenburg.de/en/international/exchange-programmes/,Erasmus/Exchange
University of Hohenheim,https://www.uni-hohenheim.de/en/international-exchange,Erasmus/Exchange
University of Duisburg-Essen,https://www.uni-due.de/international/en/erasmus.php,Erasmus/Exchange
University of Siegen,https://www.uni-siegen.de/zsb/international/index.html.en,Erasmus/Exchange
University of Kassel,https://www.uni-kassel.de/uni/en/international/exchange-students.html,Erasmus/Exchange
University of Magdeburg,https://www.ovgu.de/en/International+Office.html,Erasmus/Exchange
University of Leipzig,https://www.zv.uni-leipzig.de/en/international/exchange-programmes.html,Erasmus/Exchange
University of Erlangen-Nuremberg,https://www.fau.de/en/international/,Erasmus/Exchange
University of Paderborn,https://www.uni-paderborn.de/en/international/,Erasmus/Exchange
University of Jena,https://www.uni-jena.de/en/International+Office.html,Erasmus/Exchange
University of Trier,https://www.uni-trier.de/en/international/,Erasmus/Exchange
Hochschule Bonn-Rhein-Sieg,https://www.h-brs.de/en/international-office,Erasmus/Exchange
Hochschule Mannheim,https://www.hs-mannheim.de/en/international/incoming-students.html,Erasmus/Exchange
Hochschule Darmstadt,https://www.h-da.de/en/international/,Erasmus/Exchange
Hochschule Heilbronn,https://www.hs-heilbronn.de/en/international-office,Erasmus/Exchange
Hochschule Karlsruhe,https://www.hs-karlsruhe.de/en/international/,Erasmus/Exchange
Hochschule Furtwangen,https://www.hs-furtwangen.de/en/international-office.html,Erasmus/Exchange
Hochschule Reutlingen,https://www.reutlingen-university.de/en/international/incoming-students/,Erasmus/Exchange
Hochschule Coburg,https://www.hs-coburg.de/en/international/international-office.html,Erasmus/Exchange
Hochschule Augsburg,https://www.hs-augsburg.de/en/international.html,Erasmus/Exchange
Hochschule Niederrhein,https://www.hs-niederrhein.de/en/international/,Erasmus/Exchange
Hochschule Osnabrück,https://www.hs-osnabrueck.de/en/international/international-office.html,Erasmus/Exchange
Hochschule Wismar,https://www.hs-wismar.de/en/international/,Erasmus/Exchange
Hochschule für Technik und Wirtschaft (HTW) Berlin,https://www.htw-berlin.de/en/international/exchange-programs.html,Erasmus/Exchange
Hochschule für Angewandte Wissenschaften (HAW) Hamburg,https://www.haw-hamburg.de/en/international.html,Erasmus/Exchange
Hochschule für Technik und Wirtschaft (HTW) Saarland,https://www.htw-saarland.de/en/international/incoming.html,Erasmus/Exchange
Hochschule für Wirtschaft und Umwelt (HfWU),https://www.hfwu.de/en/international-office.html,Erasmus/Exchange
Hochschule für angewandte Wissenschaften (HSU) Hamburg,https://www.hsu-hh.de/en/international/,Erasmus/Exchange
Hochschule Mittweida,https://www.hochschule-mittweida.de/en/international/international-office.html,Erasmus/Exchange
Hochschule Landshut,https://www.hs-landshut.de/en/international.html,Erasmus/Exchange
Hochschule Weihenstephan-Triesdorf,https://www.hochschule-weihenstephan-triesdorf.de/en/international/,Erasmus/Exchange
Hochschule für Musik und Theater Hamburg,https://www.hfmt-hamburg.de/en/international.html,Erasmus/Exchange
Hochschule für Bildende Kunst Hamburg,https://www.hfbk-hamburg.de/en/international.html,Erasmus/Exchange
University of Alicante,https://www.ua.es/en/erasmus,Erasmus/Exchange
University of Porto,https://www.up.pt/en/international/exchange-students/,Erasmus/Exchange
University of Barcelona,https://www.ub.edu/web/ub/en/estudis/estudiants/erasmus.html,Erasmus/Exchange
University of Lisbon,https://www.ciencias.ulisboa.pt/en/international/mobility,Erasmus/Exchange
University of Granada,https://www.ugr.es/en/international-relations/erasmus,Erasmus/Exchange
University of Vienna,https://www.univie.ac.at/en/students/international/,Erasmus/Exchange
University of Salzburg,https://www.uni-salzburg.at/index.php?id=34179,Erasmus/Exchange
University of Ljubljana,https://www.uni-lj.si/en/study/erasmus/,Erasmus/Exchange
University of Zurich,https://www.uzh.ch/en/studies/international.html,Erasmus/Exchange
University of Tartu,https://www.ut.ee/en/erasmus,Erasmus/Exchange
University of Helsinki,https://www.helsinki.fi/en/international-students/exchange-students,Erasmus/Exchange
University of Amsterdam,https://www.uva.nl/en/programmes/exchange-programmes/exchange-programmes.html,Erasmus/Exchange
University of Groningen,https://www.rug.nl/education/exchange-programmes/,Erasmus/Exchange
University of Oslo,https://www.uio.no/english/studies/exchange/,Erasmus/Exchange
University of Copenhagen,https://www.ku.dk/english/study/erasmus/,Erasmus/Exchange
University of Bergen,https://www.uib.no/en/project/ERASMUS,Erasmus/Exchange
University of Warsaw,https://www.uw.edu.pl/en/international-cooperation/erasmus/,Erasmus/Exchange
Jagiellonian University,https://www.uj.edu.pl/en_US/international-programs,Erasmus/Exchange
University of Padua,https://www.unipd.it/en/international/erasmus,Erasmus/Exchange
University of Bologna,https://www.unibo.it/en/international/erasmus-and-exchange-programmes,Erasmus/Exchange
University of Florence,https://www.unifi.it/p12014.html,Erasmus/Exchange
University of Milan,https://www.unimi.it/en/node/21239,Erasmus/Exchange
University of Turin,https://en.unito.it/study/international-exchange-programmes,Erasmus/Exchange
University of Rome La Sapienza,https://www.uniroma1.it/en/pagina/international-mobility,Erasmus/Exchange
University of Valencia,https://www.uv.es/uvweb/university-of-valencia/en/studies/erasmus-mobility-programme-1285843939780.html,Erasmus/Exchange
University of Seville,https://www.us.es/en/international/erasmus,Erasmus/Exchange
University of Malaga,https://www.uma.es/en/international-relations/erasmus-student-mobility/,Erasmus/Exchange
University of Padua,https://www.unipd.it/en/international/erasmus,Erasmus/Exchange
University of Rome La Sapienza,https://www.uniroma1.it/en/pagina/international-mobility,Erasmus/Exchange
University of Pisa,https://www.unipi.it/index.php/erasmus,Erasmus/Exchange
University of Genoa,https://www.unige.it/en/study/international-mobility,Erasmus/Exchange
University of Naples Federico II,https://www.unina.it/en/international/mobility-programmes/erasmus/,Erasmus/Exchange
University of Catania,https://www.unict.it/en/international/erasmus,Erasmus/Exchange
University of Trieste,https://www.units.it/en/international/incoming-students/erasmus,Erasmus/Exchange
University of Cagliari,https://www.unica.it/unica/en/erasmus.page,Erasmus/Exchange
University of Florence,https://www.unifi.it/p12014.html,Erasmus/Exchange
University of Bergamo,https://www.unibg.it/en/international/erasmus,Erasmus/Exchange
University of Verona,https://www.univr.it/en/erasmus,Erasmus/Exchange
University of Milan-Bicocca,https://www.unimib.it/en/international/exchange-programmes,Erasmus/Exchange
University of Siena,https://www.unisi.it/en/international-relations/erasmus,Erasmus/Exchange
University of Urbino,https://www.uniurb.it/en/international/erasmus,Erasmus/Exchange
University of Pavia,https://www.unipv.eu/site/en/home/international/incoming-students/erasmus.html,Erasmus/Exchange
University of Salerno,https://www.unisa.it/en/international-relations/erasmus,Erasmus/Exchange
University of Palermo,https://www.unipa.it/erasmus,Erasmus/Exchange
University of Sassari,https://www.uniss.it/en/study/international-programmes,Erasmus/Exchange
University of Modena and Reggio Emilia,https://www.unimore.it/site/en/home/international/incoming.html,Erasmus/Exchange
University of Bolzano-Bozen,https://www.unibz.it/en/international/,Erasmus/Exchange
University of Mainz,https://www.uni-mainz.de/eng/erasmus,Erasmus/Exchange
University of Freiburg,https://www.studium.uni-freiburg.de/en/international-exchange,Erasmus/Exchange
University of Marburg,https://www.uni-marburg.de/en/international/erasmus,Erasmus/Exchange
University of Leipzig,https://www.zv.uni-leipzig.de/en/international/exchange-programmes.html,Erasmus/Exchange
University of Karlsruhe,https://www.uft.uni-karlsruhe.de/en/studies/international-exchange.html,Erasmus/Exchange
University of Halle-Wittenberg,https://www.uni-halle.de/en/international/erasmus/,Erasmus/Exchange
University of Paderborn,https://www.uni-paderborn.de/en/international/exchange-programmes/,Erasmus/Exchange
University of Göttingen,https://www.uni-goettingen.de/en/455938.html,Erasmus/Exchange
University of Duisburg-Essen,https://www.uni-due.de/international/en/erasmus.php,Erasmus/Exchange
University of Wuppertal,https://www.uni-wuppertal.de/en/international/incoming/erasmus.html,Erasmus/Exchange
University of Bochum,https://www.ruhr-uni-bochum.de/international/erasmus/index.html.en,Erasmus/Exchange
University of Bremen,https://www.uni-bremen.de/en/international/incoming-students.html,Erasmus/Exchange
University of Oldenburg,https://www.uni-oldenburg.de/en/international/exchange-programmes/,Erasmus/Exchange
University of Siegen,https://www.uni-siegen.de/zsb/international/index.html.en,Erasmus/Exchange
University of Koblenz-Landau,https://www.uni-koblenz-landau.de/en/international/erasmus,Erasmus/Exchange
University of Rostock,https://www.uni-rostock.de/en/international/incoming/erasmus/,Erasmus/Exchange
University of Trier,https://www.uni-trier.de/en/international/,Erasmus/Exchange
University of Mannheim,https://www.uni-mannheim.de/en/international/incoming-exchange-students/,Erasmus/Exchange
University of Augsburg,https://www.uni-augsburg.de/en/international/erasmus/,Erasmus/Exchange
University of Jena,https://www.uni-jena.de/en/International+Office.html,Erasmus/Exchange
University of Magdeburg,https://www.ovgu.de/en/International+Office.html,Erasmus/Exchange
University of Wismar,https://www.hs-wismar.de/en/international/,Erasmus/Exchange
University of Kaiserslautern,https://www.uni-kl.de/en/international/incoming-students/,Erasmus/Exchange
University of Applied Sciences Bremen,https://www.hs-bremen.de/international/,Erasmus/Exchange
Hochschule Fulda,https://www.hs-fulda.de/en/international/erasmus.html,Erasmus/Exchange
Hochschule Weihenstephan-Triesdorf,https://www.hochschule-weihenstephan-triesdorf.de/en/international/,Erasmus/Exchange
Hochschule Reutlingen,https://www.reutlingen-university.de/en/international/incoming-students/,Erasmus/Exchange
Hochschule Heilbronn,https://www.hs-heilbronn.de/en/international-office,Erasmus/Exchange
Hochschule Konstanz,https://www.hs-konstanz.de/en/international-office/,Erasmus/Exchange
Hochschule Landshut,https://www.hs-landshut.de/en/international.html,Erasmus/Exchange
Hochschule Mannheim,https://www.hs-mannheim.de/en/international/incoming-students.html,Erasmus/Exchange
Hochschule Ludwigshafen,https://www.hochschule-ludwigshafen.de/en/international/incoming-students.html,Erasmus/Exchange
Hochschule für Wirtschaft und Umwelt (HfWU),https://www.hfwu.de/en/international-office.html,Erasmus/Exchange
Hochschule Offenburg,https://www.hs-offenburg.de/en/international/incoming-students.html,Erasmus/Exchange
Hochschule Coburg,https://www.hs-coburg.de/en/international/international-office.html,Erasmus/Exchange
Hochschule Augsburg,https://www.hs-augsburg.de/en/international.html,Erasmus/Exchange
Hochschule Osnabrück,https://www.hs-osnabrueck.de/en/international/international-office.html,Erasmus/Exchange
Hochschule Zittau/Görlitz,https://www.hs-zigr.de/en/international/,Erasmus/Exchange
Hochschule Mittweida,https://www.hochschule-mittweida.de/en/international/international-office.html,Erasmus/Exchange
Hochschule für Technik und Wirtschaft (HTW) Saarland,https://www.htw-saarland.de/en/international/incoming.html,Erasmus/Exchange
Hochschule für Angewandte Wissenschaften (HAW) Hamburg,https://www.haw-hamburg.de/en/international.html,Erasmus/Exchange
Hochschule für Technik und Wirtschaft (HTW) Berlin,https://www.htw-berlin.de/en/international/exchange-programs.html,Erasmus/Exchange
Hochschule für Angewandte Wissenschaften (HSU) Hamburg,https://www.hsu-hh.de/en/international/,Erasmus/Exchange
Hochschule Darmstadt,https://www.h-da.de/en/international/,Erasmus/Exchange
Hochschule Heilbronn,https://www.hs-heilbronn.de/en/international-office,Erasmus/Exchange
Hochschule für Bildende Kunst Hamburg,https://www.hfbk-hamburg.de/en/international.html,Erasmus/Exchange
Hochschule für Technik und Wirtschaft (HTW) Berlin,https://www.htw-berlin.de/en/international/exchange-programs.html,Erasmus/Exchange
Hochschule für Wirtschaft und Umwelt (HfWU),https://www.hfwu.de/en/international-office.html,Erasmus/Exchange
Hochschule Bonn-Rhein-Sieg,https://www.h-brs.de/en/international-office,Erasmus/Exchange
University of Vienna,https://www.univie.ac.at/en/students/international/,Erasmus/Exchange
University of Copenhagen,https://www.ku.dk/english/study/erasmus/,Erasmus/Exchange
University of Helsinki,https://www.helsinki.fi/en/international-students/exchange-students,Erasmus/Exchange
University of Oslo,https://www.uio.no/english/studies/exchange/,Erasmus/Exchange
University of Stockholm,https://www.su.se/english/education/exchange-studies,Erasmus/Exchange
University of Gothenburg,https://www.gu.se/en/education/exchange-student,Erasmus/Exchange
University of Uppsala,https://www.uu.se/en/admissions/exchange/,Erasmus/Exchange
University of Lund,https://www.lu.se/lubas/i-uoh-lu-ERASMUS,Erasmus/Exchange
University of Tartu,https://www.ut.ee/en/erasmus,Erasmus/Exchange
University of Vilnius,https://www.vu.lt/en/studies/exchange-programmes,Erasmus/Exchange
University of Porto,https://www.up.pt/en/international/exchange-students/,Erasmus/Exchange
University of Porto,https://www.up.pt/en/international/exchange-students/,Erasmus/Exchange
University of Coimbra,https://www.uc.pt/en/erasmus,Erasmus/Exchange
University of Salamanca,https://www.usal.es/en/erasmus,Erasmus/Exchange
University of Santiago de Compostela,https://www.usc.es/en/estudos/exchange.html,Erasmus/Exchange
University of Granada,https://www.ugr.es/en/international-relations/erasmus,Erasmus/Exchange
University of Almería,https://www.ual.es/internacional/erasmus,Erasmus/Exchange
University of Murcia,https://www.um.es/web/international/erasmus,Erasmus/Exchange
University of Barcelona,https://www.ub.edu/web/ub/en/estudis/estudiants/erasmus.html,Erasmus/Exchange
University of Toulouse,https://www.univ-toulouse.fr/en/international-exchanges,Erasmus/Exchange
University of Strasbourg,https://www.unistra.fr/en/international/,Erasmus/Exchange
University of Lyon,https://www.univ-lyon1.fr/en/international-relations/,Erasmus/Exchange
University of Paris 1 Panthéon-Sorbonne,https://www.pantheonsorbonne.fr/en/studies/erasmus/,Erasmus/Exchange
University of Paris 2 Panthéon-Assas,https://www.u-paris2.fr/en/international/,Erasmus/Exchange
University of Paris 12 Val de Marne,https://www.u-pec.fr/en/international/erasmus.html,Erasmus/Exchange
University of Paris 13,https://www.univ-paris13.fr/en/international-exchanges/,Erasmus/Exchange
University of Aix-Marseille,https://www.univ-amu.fr/en/international-mobility,Erasmus/Exchange
University of Rennes 1,https://www.univ-rennes1.fr/en/international,Erasmus/Exchange
University of Nantes,https://www.univ-nantes.fr/erasmus,Erasmus/Exchange
University of Lyon 2,https://www.univ-lyon2.fr/international/erasmus-132149.kjsp,Erasmus/Exchange
University of Lille,https://www.univ-lille.fr/en/international,Erasmus/Exchange
University of Reims Champagne-Ardenne,https://www.univ-reims.fr/en/international-exchanges/,Erasmus/Exchange
University of Angers,https://www.univ-angers.fr/en/international/,Erasmus/Exchange
University of Clermont Auvergne,https://www.uca.fr/en/international,Erasmus/Exchange
University of Grenoble Alpes,https://www.univ-grenoble-alpes.fr/en/international/,Erasmus/Exchange
University of Lille 3,https://www.univ-lille.fr/en/international/,Erasmus/Exchange
University of Lorient,https://www.univ-lorient.fr/en/international/,Erasmus/Exchange
University of Western Brittany,https://www.univ-brest.fr/en/international/,Erasmus/Exchange
University of Strasbourg,https://www.unistra.fr/en/international/,Erasmus/Exchange
University of Bern,https://www.unibe.ch/international/mobility/erasmus/index_eng.html,Erasmus/Exchange
University of Lausanne,https://www.unil.ch/international/en/home.html,Erasmus/Exchange
University of Geneva,https://www.unige.ch/en/research/international-research/erasmus/,Erasmus/Exchange
University of Zürich,https://www.uzh.ch/en/studies/international.html,Erasmus/Exchange
University of Basel,https://www.unibas.ch/en/International/International-Exchange.html,Erasmus/Exchange
University of St. Gallen,https://www.unisg.ch/en/forschung/internationale-kooperation/erasmus/,Erasmus/Exchange
University of Lausanne,https://www.unil.ch/international/en/home.html,Erasmus/Exchange
University of Porto,https://www.up.pt/en/international/exchange-students/,Erasmus/Exchange
University of Latvia,https://www.lu.lv/en/international/erasmus/,Erasmus/Exchange
University of Vilnius,https://www.vu.lt/en/studies/exchange-programmes,Erasmus/Exchange
University of Kaunas,https://www.ku.lt/en/international/erasmus/,Erasmus/Exchange
University of Malta,https://www.um.edu.mt/international/erasmus,Erasmus/Exchange
University of Porto,https://www.up.pt/en/international/exchange-students/,Erasmus/Exchange
University of Prague,https://www.cuni.cz/UKEN-285.html,Erasmus/Exchange
University of Bratislava,https://www.uniba.sk/en/about-us/faculties-and-other-units/faculty-of-law/international-relations/,Erasmus/Exchange
University of Ljubljana,https://www.uni-lj.si/international/erasmus/,Erasmus/Exchange
University of Zagreb,https://www.unizg.hr/homepage/international-cooperation/erasmus/,Erasmus/Exchange
University of Bucharest,https://www.unibuc.ro/en/international/erasmus/,Erasmus/Exchange
University of Vienna,https://www.univie.ac.at/en/students/international/,Erasmus/Exchange
University of Copenhagen,https://www.ku.dk/english/study/erasmus/,Erasmus/Exchange
University of Helsinki,https://www.helsinki.fi/en/international-students/exchange-students,Erasmus/Exchange
University of Oslo,https://www.uio.no/english/studies/exchange/,Erasmus/Exchange
University of Stockholm,https://www.su.se/english/education/exchange-studies,Erasmus/Exchange
University of Gothenburg,https://www.gu.se/en/education/exchange-student,Erasmus/Exchange
University of Uppsala,https://www.uu.se/en/admissions/exchange/,Erasmus/Exchange
University of Lund,https://www.lu.se/lubas/i-uoh-lu-ERASMUS,Erasmus/Exchange
University of Tartu,https://www.ut.ee/en/erasmus,Erasmus/Exchange
University of Vilnius,https://www.vu.lt/en/studies/exchange-programmes,Erasmus/Exchange
University of Porto,https://www.up.pt/en/international/exchange-students/,Erasmus/Exchange
University of Coimbra,https://www.uc.pt/en/erasmus,Erasmus/Exchange
University of Salamanca,https://www.usal.es/en/erasmus,Erasmus/Exchange
University of Santiago de Compostela,https://www.usc.es/en/estudos/exchange.html,Erasmus/Exchange
University of Granada,https://www.ugr.es/en/international-relations/erasmus,Erasmus/Exchange
University of Almería,https://www.ual.es/internacional/erasmus,Erasmus/Exchange
University of Murcia,https://www.um.es/web/international/erasmus,Erasmus/Exchange
University of Barcelona,https://www.ub.edu/web/ub/en/estudis/estudiants/erasmus.html,Erasmus/Exchange
University of Toulouse,https://www.univ-toulouse.fr/en/international-exchanges,Erasmus/Exchange
University of Strasbourg,https://www.unistra.fr/en/international/,Erasmus/Exchange
University of Lyon,https://www.univ-lyon1.fr/en/international-relations/,Erasmus/Exchange
University of Paris 1 Panthéon-Sorbonne,https://www.pantheonsorbonne.fr/en/studies/erasmus/,Erasmus/Exchange
University of Paris 2 Panthéon-Assas,https://www.u-paris2.fr/en/international/,Erasmus/Exchange
University of Paris 12 Val de Marne,https://www.u-pec.fr/en/international/erasmus.html,Erasmus/Exchange
University of Paris 13,https://www.univ-paris13.fr/en/international-exchanges/,Erasmus/Exchange
University of Aix-Marseille,https://www.univ-amu.fr/en/international-mobility,Erasmus/Exchange
University of Rennes 1,https://www.univ-rennes1.fr/en/international,Erasmus/Exchange
University of Nantes,https://www.univ-nantes.fr/erasmus,Erasmus/Exchange
University of Lyon 2,https://www.univ-lyon2.fr/international/erasmus-132149.kjsp,Erasmus/Exchange
University of Lille,https://www.univ-lille.fr/en/international/,Erasmus/Exchange
University of Reims Champagne-Ardenne,https://www.univ-reims.fr/en/international-exchanges/,Erasmus/Exchange
University of Angers,https://www.univ-angers.fr/en/international/,Erasmus/Exchange
University of Clermont Auvergne,https://www.uca.fr/en/international,Erasmus/Exchange
University of Grenoble Alpes,https://www.univ-grenoble-alpes.fr/en/international/,Erasmus/Exchange
University of Lille 3,https://www.univ-lille.fr/en/international/,Erasmus/Exchange
University of Lorient,https://www.univ-lorient.fr/en/international/,Erasmus/Exchange
University of Western Brittany,https://www.univ-brest.fr/en/international/,Erasmus/Exchange
University of Bern,https://www.unibe.ch/international/mobility/erasmus/index_eng.html,Erasmus/Exchange
University of Lausanne,https://www.unil.ch/international/en/home.html,Erasmus/Exchange
University of Geneva,https://www.unige.ch/en/research/international-research/erasmus/,Erasmus/Exchange
University of Zürich,https://www.uzh.ch/en/studies/international.html,Erasmus/Exchange
University of Basel,https://www.unibas.ch/en/International/International-Exchange.html,Erasmus/Exchange
University of St. Gallen,https://www.unisg.ch/en/forschung/internationale-kooperation/erasmus/,Erasmus/Exchange
University of St. Andrews,https://www.st-andrews.ac.uk/study/exchange/erasmus/,Erasmus/Exchange
University of Warwick,https://warwick.ac.uk/study/international/exchange/erasmus/,Erasmus/Exchange
University of Exeter,https://www.exeter.ac.uk/international/studyabroad/erasmus/,Erasmus/Exchange
University of Edinburgh,https://www.ed.ac.uk/global/erasmus,Erasmus/Exchange
University of Glasgow,https://www.gla.ac.uk/myglasgow/erasmus/,Erasmus/Exchange
University of Aberdeen,https://www.abdn.ac.uk/erasmus/,Erasmus/Exchange
University of Sheffield,https://www.sheffield.ac.uk/international/erasmus,Erasmus/Exchange
University of Bristol,https://www.bristol.ac.uk/arts/undergraduate/erasmus/,Erasmus/Exchange
University of Leeds,https://www.leeds.ac.uk/erasmus,Erasmus/Exchange
University of Nottingham,https://www.nottingham.ac.uk/international/study-abroad/erasmus,Erasmus/Exchange
University of Melbourne,https://library.unimelb.edu.au/library_guides,Others
University of Sydney,https://www.sydney.edu.au/study/student-life.html,Others
Australian National University (ANU),https://research.anu.edu.au/research-innovation-news,Others
University of Amsterdam,https://www.uva.nl/en/education/summer-school/uva-summer-school.html,Others
Delft University of Technology,https://www.tudelft.nl/en/about-tu-delft/calendar,Others
Eindhoven University of Technology,https://www.tue.nl/en/working-at-tue,Others
Lund University,https://www.lu.se/kategori/konst-kultur-och-vetenskap,Others
Uppsala University,https://www.uu.se/en/study/phd-studies,Others
Stockholm University,https://www.su.se/english/education/careers,Others
Sorbonne University,https://www.sorbonne-universite.fr/en/research-1/research-partners/international-research-laboratories,Others
Université Paris-Saclay,https://www.universite-paris-saclay.fr/en/informations-utiles/,Others
Sciences Po,https://www.sciencespo.fr/en/podcasts/,Others
University of Copenhagen,https://collaboration.ku.dk/innovation/technology-transfer/,Others
Aarhus University,https://international.au.dk/collaboration,Others
Technical University of Denmark (DTU),https://www.dtu.dk/english/education/why-choose-dtu,Others
University of Toronto,https://www.utoronto.ca/alumni,Others
University of British Columbia (UBC),https://www.ubc.ca/our-campuses/vancouver/directories/faculties-schools.html,Others
McGill University,https://www.mcgill.ca/gradapplicants/programs,Others
LMU Munich,https://www.lmu.de/en/workspace-for-students/international-student-guide/residence-permit/,Others
Heidelberg University,https://www.uni-heidelberg.de/en/study/all-subjects,Others
University of Freiburg,https://www.studium.uni-freiburg.de/en/student-services/matriculation?set_language=en,Others
ETH Zurich,https://ethz.ch/staffnet/en.html,Others
University of Zurich,https://www.uzh.ch/cmsssl/en/teachingandeducation/basics/quality.html,Others
University of Geneva,https://www.unige.ch/immatriculations/en,Others
University of Queensland,https://partners-community.uq.edu.au/,Others
University of Western Australia,https://www.uwa.edu.au/study/how-to-apply/english-language-requirements,Others
University of Adelaide,https://www.adelaide.edu.au/study/undergraduate/entry-pathways,Others
University of New South Wales,https://www.unsw.edu.au/research/hdr/fees-and-costs,Others
University of Tasmania,https://www.utas.edu.au/study/areas/earth-sea-antarctic-and-environment,Others
Radboud University,https://www.ru.nl/en/research/research-projects,Others
Vrije Universiteit Amsterdam,https://vu.nl/en/education/more-about/vu-master-s-event,Others
University of Groningen,https://www.rug.nl/about-ug/work-with-us/,Others
Maastricht University,https://www.maastrichtuniversity.nl/news-events/prospective-student-events?_gl=1*4pxi2n*_gcl_au*MjI1ODc2NTg3LjE3MjY2MDk5NzY.*_ga*MTk0NDM0MjI3LjE3MjY2MDk5Njg.*_ga_VJNF5GS2RK*MTcyNjYwOTk2OC4xLjEuMTcyNjYwOTk5MS4zNy4wLjA.,Others
Leiden University,https://www.universiteitleiden.nl/en/academic-staff,Others
Tilburg University,https://www.tilburguniversity.edu/contact,Others
Utrecht University,https://www.uu.nl/en/organisation/phd-programmes,Others
Lund University,https://www.lunduniversity.lu.se/lubas/courses-programmes/*/program/1/undefined,Others
Uppsala University,https://www.uu.se/en/news/all-news-articles,Others
Stockholm University,https://www.su.se/department-of-computer-and-systems-sciences/calendar/digital-futures-for-education-afterlife-of-data-1.743011,Others
KTH Royal Institute of Technology,https://www.kth.se/en/student/studier/schema/tentaperioder-1.278515,Others
Chalmers University of Technology,https://www.chalmers.se/en/current/calendar/ai-ethics-adam-smith-meets-ai-doomers/,Others
Sorbonne University,https://www.sorbonne-universite.fr/en/campus-life-1/culture-and-outreach/university-all-ages/summer-university,Others
Université Paris-Saclay,https://www.universite-paris-saclay.fr/en/actualites/,Others
Sciences Po,https://www.sciencespo.fr/en/events/film-screening-and-discussion-from-where-we-stand-people-and-places-in-the-north-of-england-after-brexit/,Others
Université Grenoble Alpes,https://www.univ-grenoble-alpes.fr/ecosystem/,Others
Université de Strasbourg,https://en.unistra.fr/study/why-choose-strasbourg,Others
University of Copenhagen,https://ism.ku.dk/salary-tax-pension/,Others
Aarhus University,https://international.au.dk/about/visitors/museums,Others
Technical University of Denmark (DTU),https://www.dtu.dk/english/education/undergraduate/undergraduate-programmes-in-danish,Others
Copenhagen Business School,https://www.cbs.dk/en/organisations/employer-branding-services,Others
Aalborg University,https://www.en.aau.dk/education/bachelor,Others
University of Toronto,https://www.utoronto.ca/utogether/student-community,Others
University of British Columbia (UBC),https://you.ubc.ca/applying-ubc/,Others
McGill University,https://myalumni.mcgill.ca/s/1762/gid2/interior-getinvolved.aspx?sid=1762&gid=2&pgid=402,Others
University of Alberta,https://www.ualberta.ca/en/information-services-and-technology/index.html,Others
Simon Fraser University,https://www.lib.sfu.ca/facilities/make-create/maker-commons,Others
LMU Munich,https://www.lmu.de/en/research/research-oriented-teaching/,Others
Heidelberg University,https://www.uni-heidelberg.de/en/university/about-the-university/sustainability,Others
University of Freiburg,https://www.frs.uni-freiburg.de/de/iga,Others
Humboldt University of Berlin,https://www.hu-berlin.de/en/about/contact?set_language=en,Others
University of Mannheim,https://www.uni-mannheim.de/en/about/working-at-the-university-of-mannheim/,Others
RWTH Aachen University,https://www.physik.rwth-aachen.de/cms/physik/Studium/~jlj/Im-Studium/?lidx=1,Others
University of Göttingen,https://www.uni-goettingen.de/de/international/502946.html,Others
University of Stuttgart,https://www.uni-stuttgart.de/en/study/application/dates/,Others
ETH Zurich,https://ethz.ch/en/doctorate/faq.html,Others
University of Zurich,https://www.uzh.ch/cmsssl/en/researchinnovation/excellence/prizes.html,Others
University of Geneva,https://vie-de-campus.unige.ch/campus-life/administrative-procedures/non-porteurs-maturite-npm,Others
University of Bern,https://www.agenda.unibe.ch/agenda_ausgabe_en.php,Others
EPFL (École Polytechnique Fédérale de Lausanne),https://www.epfl.ch/research/domains/,Others
University of Lucerne,https://www.unilu.ch/en/research/open-science-and-research-data/overview/,Others
University of Oxford,https://www.ox.ac.uk/admissions/undergraduate/open-days-and-visits/planning-your-open-day-visit,Others
University of Cambridge,https://www.internationalstudents.cam.ac.uk/immigration/undergraduate-admissions-interviews,Others
University College London (UCL),https://www.ucl.ac.uk/short-courses,Others
Imperial College London,https://www.imperial.ac.uk/research-and-innovation/about-imperial-research/ref/case-studies/,Others
University of Edinburgh,https://www.ed.ac.uk/students/activities-and-events,Others
University of Manchester,https://www.manchester.ac.uk/collaborate/make-a-donation/,Others
University of Bristol,https://www.bristol.ac.uk/study/stories/,Others
University of Warwick,https://warwick.ac.uk/business/facilities-services/?location=more_links,Others
University of Aberdeen,https://www.abdn.ac.uk/business-info/training/,Others
University of Birmingham,https://www.birmingham.ac.uk/study/online-learning/course-search?preventScrollTop=true,Others
University of Bristol,https://www.bristol.ac.uk/students/support/finances/,Others
University of Cambridge,https://www.cam.ac.uk/about-the-university/history?ucam-ref=global-header,Others
University of East Anglia,https://www.uea.ac.uk/study/subjects/media,Others
University of Edinburgh,https://www.ed.ac.uk/visit,Others
University of Essex,https://www.essex.ac.uk/about,Others
University of Exeter,https://www.exeter.ac.uk/cornwall/about/,Others
University of Glasgow,https://www.gla.ac.uk/research/ourresearchenvironment/,Others
University of Hull,https://www.hull.ac.uk/choose-hull/student-life/accommodation,Others
University of Kent,https://www.kent.ac.uk/research-services,Others
University of Leeds,https://www.leeds.ac.uk/student-life,Others
University of Leicester,https://le.ac.uk/teaching,Others
University of Lincoln,https://www.lincoln.ac.uk/home/studentlife/accommodation/,Others
University of Liverpool,https://www.liverpool.ac.uk/study/international/why-liverpool/international-community/,Others
University of London (SOAS),https://www.soas.ac.uk/academics/,Others
University of Manchester,https://www.manchester.ac.uk/discover/history/,Others
University of Newcastle,https://www.ncl.ac.uk/careers/,Others
University of Nottingham,https://www.nottingham.ac.uk/ugstudy/courses.aspx,Others
University of Oxford,https://www.ox.ac.uk/students/life/student-surveys,Others
University of Plymouth,https://www.plymouth.ac.uk/international/study/international-students-country-guides,Others
University of Reading,https://www.reading.ac.uk/essentials/,Others
University of Sheffield, https://www.sheffield.ac.uk/international/offer-holders/why-choose-sheffield,Others
University of Southampton,https://www.southampton.ac.uk/student-life/community,Others
University of St Andrews,https://www.st-andrews.ac.uk/develop-entrepreneurship/,Others
University of Surrey,https://www.surrey.ac.uk/fees-and-funding/scholarships,Others
University of Sussex,https://www.sussex.ac.uk/research/excellence,Others
University of Warwick,https://warwick.ac.uk/services/studentopportunity/international/internationalstudentsupport/,Others
University of Westminster,https://www.westminster.ac.uk/business/services-for-business,Others
University of Wolverhampton,https://www.wlv.ac.uk/about-us/news-and-events/,Others
University of York,https://www.york.ac.uk/arts-creative-industries/,Others
Anglia Ruskin University,https://aru.ac.uk/graduation,Others
Bournemouth University,https://www.bournemouth.ac.uk/research/research-excellence,Others
Brunel University London,https://www.brunel.ac.uk/research,Others
"City, University of London",https://www.city.ac.uk/study/fees-and-funding,Others
Coventry University,https://www.coventry.ac.uk/the-university/key-information/our-strategy/,Others
Durham University,https://www.dur.ac.uk/postgraduate/,Others
Edinburgh Napier University,https://www.napier.ac.uk/study-with-us/postgraduate/fees,Others
Glasgow Caledonian University,https://www.keele.ac.uk/study/postgraduateresearch/studentships/   ,Others
Keele University,https://www.qmul.ac.uk/about/arts-and-culture/,Others
Liverpool John Moores University,https://www.ljmu.ac.uk/about-us/faculties/faculty-of-business-and-law,Others
Northumbria University,https://www.northumbria.ac.uk/study-at-northumbria/postgraduate-fees-and-funding/,Others
Oxford Brookes University,https://www.brookes.ac.uk/about-brookes/,Others
Queen Mary University of London,https://www.qmul.ac.uk/about/arts-and-culture/,Others
Sheffield Hallam University,https://www.shu.ac.uk/business,Others
Teesside University,https://www.tees.ac.uk/sections/research/,Others
University of the Arts London,https://www.arts.ac.uk/colleges/chelsea-college-of-arts,Others
University of the West of England,https://www.uwe.ac.uk/about/corporate-information/our-strategy,Others
University of Winchester,https://www.winchester.ac.uk/about-us/leadership-and-governance/,Others
ETH Zurich,https://ethz.ch/en/campus/getting-to-know/cafes-restaurants-shops/gastronomy.html,Others
University of Zurich,https://www.uzh.ch/cmsssl/en/explore/hospitals.html,Others
University of Geneva,https://www.unige.ch/international/en/international-cooperation/,Others
University of Bern,https://www.unibe.ch/research/research_funding/index_eng.html,Others
EPFL (École Polytechnique Fédérale de Lausanne),https://www.epfl.ch/about/overview/diversity-and-inclusion/,Others
University of Lucerne,https://www.unilu.ch/en/university/structure-and-organization/international-relations/,Others
University of Basel,https://www.unibas.ch/en/University/About-University.html,Others
University of St. Gallen,https://www.unisg.ch/en/universitaet/aboutus,Others
University of Fribourg,https://www.unifr.ch/research/en/organisation/,Others
University of Neuchâtel,https://www.unine.ch/unine/home/etudes.html,Others
Zurich University of the Arts,https://www.zhdk.ch/en/forschung,Others
Università della Svizzera italiana (USI),https://www.usi.ch/en/education/lifelong-learning,Others
University of Lugano,https://www.usi.ch/en/welcome-to-lugano,Others
Bern University of Applied Sciences,https://www.bfh.ch/en/research/research-centres/school-of-agricultural-forest-and-food-sciences/,Others
Zurich University of the Arts,https://www.zhdk.ch/en/research-funding/research-overview,Others
Hochschule für Technik und Wirtschaft (HTW Chur),https://www.fhgr.ch/en/further-education/further-education-courses/,Others
Hochschule Luzern,https://www.hslu.ch/en/lucerne-school-of-business/,Others
Hochschule für Angewandte Wissenschaften (FHNW),https://www.fhnw.ch/en/about-fhnw/organisation/university-organisation,Others
Hochschule für Wirtschaft Zürich (HWZ),https://fh-hwz.ch/angebote/executive-mba-digital-leadership-advanced-studies/,Others
Zurich University of Applied Sciences (ZHAW),https://www.zhaw.ch/en/about-us/school-of-management-and-law/degree-programmes/,Others
Haute école de gestion (HEG) Genève,https://www.hesge.ch/heg/en/about-us/presentation,Others
Geneva School of Economics and Management,https://www.unige.ch/gsem/en/research/centres-excellence/finding-centres-excellence/,Others
Haute école de santé Vaud (HESAV),https://hesav.ch/formation/admission/,Others
"Haute école du paysage, d'ingénierie et d'architecture (HEPIA)",https://www.hesge.ch/hepia/presentation/etudes-ingenierie/,Others
Swiss Federal Institute of Technology in Lausanne (EPFL),https://www.epfl.ch/education/phd/doctoral-programs/doctoral-program-computer-science/,Others
University of Applied Sciences Western Switzerland (HES-SO),https://www.hes-so.ch/en/schools-and-fields-of-study/music-and-performing-arts,Others
Hochschule für Technik Rapperswil (HSR),https://www.hsr.ch/en/about-us/our-organization/departments/,Others
"Hochschule für Kunst, Design und Populäre Musik (HKB)",https://www.hkb.bfh.ch/en/research/business-lab-cultural-entrepreneurship-at-the-hkb/,Others
Hochschule für Wirtschaft Zürich (HWZ),https://fh-hwz.ch/bildungsangebot/weiterbildung,Others
Haute école d'ingénierie et de gestion du canton de Vaud (HEIG-VD),https://www.heig-vd.ch/en/home/research/areas-of-research,Others
Haute école de gestion de Genève (HEG),https://www.hesge.ch/heg/en/campus/research/research-groups/,Others
Hochschule für Life Sciences (HLS),https://www.fhnw.ch/en/about-fhnw/schools/life-sciences/research-institutes/institute-for-ecopreneurship,Others
University of Applied Sciences and Arts of Southern Switzerland (SUPSI),https://www.supsi.ch/home_en/supsi/strategia-e-obiettivi/research-strategy.html,Others
Zurich University of Applied Sciences (ZHAW),https://www.zhaw.ch/en/research/departments/,Others
Haute école d'art et de design de Genève (HEAD),https://www.hesge.ch/head/en/institute/international-relations/international-projects,Others
University of Neuchâtel,https://www.unine.ch/etudier/en/home/life-in-neuchatel.html,Others
University of Applied Sciences and Arts of Western Switzerland (HES-SO),https://www.hes-so.ch/en/strategy/international-partnerships.html,Others
Hochschule für Wirtschaft Zürich (HWZ),https://fh-hwz.ch/angebote/bachelor/bachelor-in-business-administration/,Others
Hochschule für Technik und Wirtschaft (HTW),https://www.htw-berlin.de/en/study/degree-programmes/bachelor/,Others
Zurich University of the Arts (ZHdK),https://www.zhdk.ch/en/continuing-education/,Others
University of Applied Sciences and Arts Western Switzerland (HES-SO),https://www.hes-so.ch/en/research-and-development/international-research.html,Others
Hochschule für Lebenswissenschaften (HLS),https://www.fhnw.ch/en/about-fhnw/schools/life-sciences/research-institutes/institute-for-chemistry-and-bioanalytics,Others
Ludwig Maximilian University of Munich,https://www.lmu.de/en/about-lmu/about-lmu-international/international-partnerships-and-networks.html,Others
Technical University of Munich,https://www.tum.de/en/studies/during-your-studies/finding-support,Others
Heidelberg University,https://www.uni-heidelberg.de/en/research/research-profile/heidelberg-university-in-international-comparison,Others
University of Freiburg,https://www.uni-freiburg.de/research/scientific-networks,Others
University of Stuttgart,https://www.uni-stuttgart.de/en/study/study-programs/Artificial-Intelligence-and-Data-Science-M.Sc./,Others
Humboldt University of Berlin,https://www.hu-berlin.de/en/postdoctorates/info/Consultation,Others
Free University of Berlin,https://www.fu-berlin.de/en/international/profile/index.html,Others
University of Mannheim,https://www.uni-mannheim.de/drehanfragen/,Others
University of Cologne,https://portal.uni-koeln.de/en/international/study-in-cologne/department-german-as-a-foreign-language,Others
RWTH Aachen University,https://www.rwth-aachen.de/cms/root/wirtschaft/Kooperation/~sfnr/Patentvewertung-Entwicklung-und-Technol/lidx/1/,Others
University of Göttingen,https://www.uni-goettingen.de/de/590707.html,Others
University of Bremen,https://www.uni-bremen.de/en/studies/continuing-your-education,Others
Technical University of Darmstadt,https://www.tu-darmstadt.de/studieren/studierende_tu/studienorganisation_und_tucan/arbeitsraeume/index.de.jsp,Others
University of Potsdam,https://www.uni-potsdam.de/de/organisation/zentrale-und-wissenschaftliche-einrichtungen,Others
University of Augsburg,https://www.uni-augsburg.de/en/studium/bewerbung/voraussetzungen/,Others
University of Oldenburg,https://uol.de/en/studying/applications-and-admissions/,Others
University of Hohenheim,https://www.uni-hohenheim.de/innovative-lehre,Others
University of Duisburg-Essen,https://www.uni-due.de/en/international/prospective_students/,Others
University of Siegen,https://www.uni-siegen.de/start/karriere/?lang=de,Others
University of Kassel,https://www.uni-kassel.de/uni/en/international/contact-and-service,Others
University of Magdeburg,https://www.ovgu.de/unimagdeburg/en/incoming-p-76024.html,Others
University of Leipzig,https://www.zv.uni-leipzig.de/en/study/prospective-students/degree-seeking-students/international,Others
University of Erlangen-Nuremberg,https://www.fau.eu/study/prospective-students/application/,Others
University of Paderborn,https://www.uni-paderborn.de/en/studies/international,Others
University of Jena,https://www.uni-jena.de/en/1920/teaching-and-research-in-jena,Others
University of Trier,https://www.uni-trier.de/index.php?id=43842&L=2,Others
Hochschule Bonn-Rhein-Sieg,https://www.h-brs.de/en/spz/writing-centre,Others
Hochschule Mannheim,https://www.hs-mannheim.de/en/international/international-incoming-students.html,Others
Hochschule Darmstadt,https://international.h-da.de/en/1/h-da-international/support-for-lecturers-and-professors,Others
Hochschule Heilbronn,https://www.hs-heilbronn.de/en/master-application,Others
Hochschule Karlsruhe,https://www.h-ka.de/en/international/international-office/,Others
Hochschule Furtwangen,https://www.hs-furtwangen.de/en/international/degree-seeking-international-students/,Others
Hochschule Reutlingen,https://www.reutlingen-university.de/en/international/,Others
Hochschule Coburg,https://www.hs-niederrhein.de/international-office/incoming/,Others
Hochschule Augsburg,https://www.tha.de/International/leben-und-studieren-in-Augsburg.html,Others
Hochschule Niederrhein,https://www.hs-niederrhein.de/international-office/incoming/,Others
Hochschule Osnabrück,https://www.hs-osnabrueck.de/en/university/facilities/international-office/international-degree-students/,Others
Hochschule Wismar,https://www.hs-wismar.de/hochschule/einrichtungen/itsmz/it-info/,Others
Hochschule für Technik und Wirtschaft (HTW) Berlin,https://www.htw-berlin.de/en/international/incoming-exchange-students/,Others
Hochschule für Angewandte Wissenschaften (HAW) Hamburg,https://www.haw-hamburg.de/en/international/international-degree-seeking-students/,Others
Hochschule für Technik und Wirtschaft (HTW) Saarland,https://www.htwsaar.de/en/academics/international,Others
Hochschule für Wirtschaft und Umwelt (HfWU),https://www.hfwu.de/en/international/international-programs/,Others
Hochschule für angewandte Wissenschaften (HSU) Hamburg,https://www.hsu-hh.de/en/studies/international,Others
Hochschule Mittweida,https://www.hs-mittweida.de/en/international/incoming-students.html,Others
Hochschule Landshut,https://www.haw-landshut.de/en/international/international-students/incoming.html,Others
Hochschule Weihenstephan-Triesdorf,https://www.hswt.de/en/studies/international-students/international-students.html,Others
Hochschule für Musik und Theater Hamburg,https://www.hfmt-hamburg.de/en/international/incoming-students/,Others
Hochschule für Bildende Kunst Hamburg,https://www.hfbk-hamburg.de/en/international/,Others
University of Alicante,https://web.ua.es/en/vr-ric/international-incoming.html,Others
University of Porto,https://sigarra.up.pt/up/en/web_base.gera_pagina?p_pagina=122271,Others
University of Barcelona,https://www.ub.edu/web/ub/en/estudis/oferta_formativa/graus/internacionals/index.html,Others
University of Lisbon,https://www.ulisboa.pt/en/info/study-at-ulisboa,Others
University of Granada, https://www.ugr.es/en/studies/international-students,Others
University of Vienna,https://international.univie.ac.at/en/home/,Others
University of Salzburg,https://www.plus.ac.at/international-relations-office/english/degree-seeking-international-students/,Others
University of Ljubljana,https://www.uni-lj.si/study/international_students/,Others
University of Zurich,https://www.uzh.ch/cmsssl/en/studies/application/international.html,Others
University of Tartu,https://www.ut.ee/en/admissions/,Others
University of Helsinki,https://www.helsinki.fi/en/admissions-and-education/why-helsinki,Others
University of Amsterdam,https://www.uva.nl/en/education/international-students/international-students.html,Others
